Title,Price,Availability,Rating,Category,Page
Hide Away (Eve Duncan #20),£11.84,In stock,One,Mystery,1
Furiously Happy: A Funny Book About Horrible Things,£41.46,In stock,Four,Mystery,1
Everyday Italian: 125 Simple and Delicious Recipes,£20.10,In stock,Five,Mystery,1
Equal Is Unfair: America's Misguided Fight Against Income Inequality,£56.86,In stock,One,Mystery,1
Eleanor & Park,£56.51,In stock,Five,Mystery,1
Dirty (Dive Bar #1),£40.83,In stock,Four,Mystery,1
Can You Keep a Secret? (Fear Street Relaunch #4),£48.64,In stock,One,Mystery,1
Boar Island (Anna Pigeon #19),£59.48,In stock,Three,Mystery,1
A Paris Apartment,£39.01,In stock,Four,Mystery,1
"A la Mode: 120 Recipes in 60 Pairings: Pies, Tarts, Cakes, Crisps, and More Topped with Ice Cream, Gelato, Frozen Custard, and More",£38.77,In stock,One,Mystery,1
Troublemaker: Surviving Hollywood and Scientology,£48.39,In stock,Two,Mystery,1
The Widow,£27.26,In stock,Two,Mystery,1
"The Sleep Revolution: Transforming Your Life, One Night at a Time",£11.68,In stock,Four,Mystery,1
The Improbability of Love,£59.45,In stock,One,Mystery,1
The Art of Startup Fundraising,£21.00,In stock,Three,Mystery,1
Take Me Home Tonight (Rock Star Romance #3),£53.98,In stock,Three,Mystery,1
Sleeping Giants (Themis Files #1),£48.74,In stock,One,Mystery,1
"Setting the World on Fire: The Brief, Astonishing Life of St. Catherine of Siena",£21.15,In stock,Two,Mystery,1
Playing with Fire,£13.71,In stock,Three,Mystery,1
Off the Hook (Fishing for Trouble #1),£47.67,In stock,Three,Mystery,1
A Light in the Attic,£51.77,In stock,Three,Mystery,2
Tipping the Velvet,£53.74,In stock,One,Mystery,2
Soumission,£50.10,In stock,One,Mystery,2
Sharp Objects,£47.82,In stock,Four,Mystery,2
Sapiens: A Brief History of Humankind,£54.23,In stock,Five,Mystery,2
The Requiem Red,£22.65,In stock,One,Mystery,2
The Dirty Little Secrets of Getting Your Dream Job,£33.34,In stock,Four,Mystery,2
"The Coming Woman: A Novel Based on the Life of the Infamous Feminist, Victoria Woodhull",£17.93,In stock,Three,Mystery,2
The Boys in the Boat: Nine Americans and Their Epic Quest for Gold at the 1936 Berlin Olympics,£22.60,In stock,Four,Mystery,2
The Black Maria,£52.15,In stock,One,Mystery,2
"Starving Hearts (Triangular Trade Trilogy, #1)",£13.99,In stock,Two,Mystery,2
Shakespeare's Sonnets,£20.66,In stock,Four,Mystery,2
Set Me Free,£17.46,In stock,Five,Mystery,2
Scott Pilgrim's Precious Little Life (Scott Pilgrim #1),£52.29,In stock,Five,Mystery,2
Rip it Up and Start Again,£35.02,In stock,Five,Mystery,2
"Our Band Could Be Your Life: Scenes from the American Indie Underground, 1981-1991",£57.25,In stock,Three,Mystery,2
Olio,£23.88,In stock,One,Mystery,2
Mesaerion: The Best Science Fiction Stories 1800-1849,£37.59,In stock,One,Mystery,2
Libertarianism for Beginners,£51.33,In stock,Two,Mystery,2
It's Only the Himalayas,£45.17,In stock,Two,Mystery,2
In Her Wake,£12.84,In stock,One,Mystery,3
How Music Works,£37.32,In stock,Two,Mystery,3
"Foolproof Preserving: A Guide to Small Batch Jams, Jellies, Pickles, Condiments, and More: A Foolproof Guide to Making Small Batch Jams, Jellies, Pickles, Condiments, and More",£30.52,In stock,Three,Mystery,3
Chase Me (Paris Nights #2),£25.27,In stock,Five,Mystery,3
Black Dust,£34.53,In stock,Five,Mystery,3
Birdsong: A Story in Pictures,£54.64,In stock,Three,Mystery,3
America's Cradle of Quarterbacks: Western Pennsylvania's Football Factory from Johnny Unitas to Joe Montana,£22.50,In stock,Three,Mystery,3
Aladdin and His Wonderful Lamp,£53.13,In stock,Three,Mystery,3
Worlds Elsewhere: Journeys Around Shakespeare’s Globe,£40.30,In stock,Five,Mystery,3
Wall and Piece,£44.18,In stock,Four,Mystery,3
The Four Agreements: A Practical Guide to Personal Freedom,£17.66,In stock,Five,Mystery,3
The Five Love Languages: How to Express Heartfelt Commitment to Your Mate,£31.05,In stock,Three,Mystery,3
The Elephant Tree,£23.82,In stock,Five,Mystery,3
The Bear and the Piano,£36.89,In stock,One,Mystery,3
Sophie's World,£15.94,In stock,Five,Mystery,3
Penny Maybe,£33.29,In stock,Three,Mystery,3
Maude (1883-1993):She Grew Up with the country,£18.02,In stock,Two,Mystery,3
"In a Dark, Dark Wood",£19.63,In stock,One,Mystery,3
Behind Closed Doors,£52.22,In stock,Four,Mystery,3
You can't bury them all: Poems,£33.63,In stock,Two,Mystery,3
Slow States of Collapse: Poems,£57.31,In stock,Three,Mystery,4
Reasons to Stay Alive,£26.41,In stock,Two,Mystery,4
Private Paris (Private #10),£47.61,In stock,Five,Mystery,4
#HigherSelfie: Wake Up Your Life. Free Your Soul. Find Your Tribe.,£23.11,In stock,Five,Mystery,4
Without Borders (Wanderlove #1),£45.07,In stock,Two,Mystery,4
When We Collided,£31.77,In stock,One,Mystery,4
"We Love You, Charlie Freeman",£50.27,In stock,Five,Mystery,4
Untitled Collection: Sabbath Poems 2014,£14.27,In stock,Four,Mystery,4
"Unseen City: The Majesty of Pigeons, the Discreet Charm of Snails & Other Wonders of the Urban Wilderness",£44.18,In stock,Four,Mystery,4
Unicorn Tracks,£18.78,In stock,Three,Mystery,4
"Unbound: How Eight Technologies Made Us Human, Transformed Society, and Brought Our World to the Brink",£25.52,In stock,One,Mystery,4
Tsubasa: WoRLD CHRoNiCLE 2 (Tsubasa WoRLD CHRoNiCLE #2),£16.28,In stock,One,Mystery,4
Throwing Rocks at the Google Bus: How Growth Became the Enemy of Prosperity,£31.12,In stock,Three,Mystery,4
This One Summer,£19.49,In stock,Four,Mystery,4
Thirst,£17.27,In stock,Five,Mystery,4
The Torch Is Passed: A Harding Family Story,£19.09,In stock,One,Mystery,4
The Secret of Dreadwillow Carse,£56.13,In stock,One,Mystery,4
"The Pioneer Woman Cooks: Dinnertime: Comfort Classics, Freezer Food, 16-Minute Meals, and Other Delicious Ways to Solve Supper!",£56.41,In stock,One,Mystery,4
The Past Never Ends,£56.50,In stock,Four,Mystery,4
The Natural History of Us (The Fine Art of Pretending #2),£45.22,In stock,Three,Mystery,4
The Nameless City (The Nameless City #1),£38.16,In stock,Four,Mystery,5
The Murder That Never Was (Forensic Instincts #5),£54.11,In stock,Three,Mystery,5
The Most Perfect Thing: Inside (and Outside) a Bird's Egg,£42.96,In stock,Four,Mystery,5
"The Mindfulness and Acceptance Workbook for Anxiety: A Guide to Breaking Free from Anxiety, Phobias, and Worry Using Acceptance and Commitment Therapy",£23.89,In stock,Four,Mystery,5
The Life-Changing Magic of Tidying Up: The Japanese Art of Decluttering and Organizing,£16.77,In stock,Three,Mystery,5
"The Inefficiency Assassin: Time Management Tactics for Working Smarter, Not Longer",£20.59,In stock,Five,Mystery,5
The Gutsy Girl: Escapades for Your Life of Epic Adventure,£37.13,In stock,One,Mystery,5
The Electric Pencil: Drawings from Inside State Hospital No. 3,£56.06,In stock,One,Mystery,5
The Death of Humanity: and the Case for Life,£58.11,In stock,Four,Mystery,5
"The Bulletproof Diet: Lose up to a Pound a Day, Reclaim Energy and Focus, Upgrade Your Life",£49.05,In stock,Three,Mystery,5
The Art Forger,£40.76,In stock,Three,Mystery,5
The Age of Genius: The Seventeenth Century and the Birth of the Modern Mind,£19.73,In stock,One,Mystery,5
The Activist's Tao Te Ching: Ancient Advice for a Modern Revolution,£32.24,In stock,Five,Mystery,5
Spark Joy: An Illustrated Master Class on the Art of Organizing and Tidying Up,£41.83,In stock,Four,Mystery,5
Soul Reader,£39.58,In stock,Two,Mystery,5
Security,£39.25,In stock,Two,Mystery,5
"Saga, Volume 6 (Saga (Collected Editions) #6)",£25.02,In stock,Three,Mystery,5
"Saga, Volume 5 (Saga (Collected Editions) #5)",£51.04,In stock,Two,Mystery,5
Reskilling America: Learning to Labor in the Twenty-First Century,£19.83,In stock,Two,Mystery,5
"Rat Queens, Vol. 3: Demons (Rat Queens (Collected Editions) #11-15)",£50.40,In stock,Three,Mystery,5
"Princess Jellyfish 2-in-1 Omnibus, Vol. 01 (Princess Jellyfish 2-in-1 Omnibus #1)",£13.61,In stock,Five,Mystery,6
Princess Between Worlds (Wide-Awake Princess #5),£13.34,In stock,Five,Mystery,6
"Pop Gun War, Volume 1: Gift",£18.97,In stock,One,Mystery,6
"Political Suicide: Missteps, Peccadilloes, Bad Calls, Backroom Hijinx, Sordid Pasts, Rotten Breaks, and Just Plain Dumb Mistakes in the Annals of American Politics",£36.28,In stock,Two,Mystery,6
Patience,£10.16,In stock,Three,Mystery,6
"Outcast, Vol. 1: A Darkness Surrounds Him (Outcast #1)",£15.44,In stock,Four,Mystery,6
orange: The Complete Collection 1 (orange: The Complete Collection #1),£48.41,In stock,One,Mystery,6
Online Marketing for Busy Authors: A Step-By-Step Guide,£46.35,In stock,One,Mystery,6
On a Midnight Clear,£14.07,In stock,Three,Mystery,6
Obsidian (Lux #1),£14.86,In stock,Two,Mystery,6
My Paris Kitchen: Recipes and Stories,£33.37,In stock,Two,Mystery,6
Masks and Shadows,£56.40,In stock,Two,Mystery,6
"Mama Tried: Traditional Italian Cooking for the Screwed, Crude, Vegan, and Tattooed",£14.02,In stock,Four,Mystery,6
"Lumberjanes, Vol. 2: Friendship to the Max (Lumberjanes #5-8)",£46.91,In stock,Two,Mystery,6
"Lumberjanes, Vol. 1: Beware the Kitten Holy (Lumberjanes #1-4)",£45.61,In stock,Three,Mystery,6
Lumberjanes Vol. 3: A Terrible Plan (Lumberjanes #9-12),£19.92,In stock,Two,Mystery,6
"Layered: Baking, Building, and Styling Spectacular Cakes",£40.11,In stock,One,Mystery,6
Judo: Seven Steps to Black Belt (an Introductory Guide for Beginners),£53.90,In stock,Two,Mystery,6
Join,£35.67,In stock,Five,Mystery,6
In the Country We Love: My Family Divided,£22.00,In stock,Four,Mystery,6
Immunity: How Elie Metchnikoff Changed the Course of Modern Medicine,£57.36,In stock,Five,Mystery,7
"I Hate Fairyland, Vol. 1: Madly Ever After (I Hate Fairyland (Compilations) #1-5)",£29.17,In stock,Two,Mystery,7
I am a Hero Omnibus Volume 1,£54.63,In stock,Three,Mystery,7
How to Be Miserable: 40 Strategies You Already Use,£46.03,In stock,One,Mystery,7
Her Backup Boyfriend (The Sorensen Family #1),£33.97,In stock,One,Mystery,7
"Giant Days, Vol. 2 (Giant Days #5-8)",£22.11,In stock,Two,Mystery,7
Forever and Forever: The Courtship of Henry Longfellow and Fanny Appleton,£29.69,In stock,Three,Mystery,7
First and First (Five Boroughs #3),£15.97,In stock,Four,Mystery,7
Fifty Shades Darker (Fifty Shades #2),£21.96,In stock,One,Mystery,7
Everydata: The Misinformation Hidden in the Little Data You Consume Every Day,£54.35,In stock,Two,Mystery,7
"Don't Be a Jerk: And Other Practical Advice from Dogen, Japan's Greatest Zen Master",£37.97,In stock,Two,Mystery,7
Danganronpa Volume 1,£51.99,In stock,Four,Mystery,7
Crown of Midnight (Throne of Glass #2),£43.29,In stock,Three,Mystery,7
"Codename Baboushka, Volume 1: The Conclave of Death",£36.72,In stock,Four,Mystery,7
Camp Midnight,£17.08,In stock,Four,Mystery,7
Call the Nurse: True Stories of a Country Nurse on a Scottish Isle,£29.14,In stock,Five,Mystery,7
Burning,£28.81,In stock,Three,Mystery,7
Bossypants,£49.46,In stock,Two,Mystery,7
"Bitch Planet, Vol. 1: Extraordinary Machine (Bitch Planet (Collected Editions))",£37.92,In stock,Two,Mystery,7
"Avatar: The Last Airbender: Smoke and Shadow, Part 3 (Smoke and Shadow #3)",£28.09,In stock,Two,Mystery,7
Algorithms to Live By: The Computer Science of Human Decisions,£30.81,In stock,One,Mystery,8
A World of Flavor: Your Gluten Free Passport,£42.95,In stock,One,Mystery,8
"A Piece of Sky, a Grain of Rice: A Memoir in Four Meditations",£56.76,In stock,Five,Mystery,8
A Murder in Time,£16.64,In stock,One,Mystery,8
A Flight of Arrows (The Pathfinders #2),£55.53,In stock,Five,Mystery,8
A Fierce and Subtle Poison,£28.13,In stock,Four,Mystery,8
A Court of Thorns and Roses (A Court of Thorns and Roses #1),£52.37,In stock,One,Mystery,8
(Un)Qualified: How God Uses Broken People to Do Big Things,£54.00,In stock,Five,Mystery,8
You Are What You Love: The Spiritual Power of Habit,£21.87,In stock,Four,Mystery,8
"William Shakespeare's Star Wars: Verily, A New Hope (William Shakespeare's Star Wars #4)",£43.30,In stock,Four,Mystery,8
Tuesday Nights in 1980,£21.04,In stock,Two,Mystery,8
Tracing Numbers on a Train,£41.60,In stock,Three,Mystery,8
Throne of Glass (Throne of Glass #1),£35.07,In stock,Three,Mystery,8
Thomas Jefferson and the Tripoli Pirates: The Forgotten War That Changed American History,£59.64,In stock,One,Mystery,8
Thirteen Reasons Why,£52.72,In stock,One,Mystery,8
The White Cat and the Monk: A Retelling of the Poem “Pangur Bán”,£58.08,In stock,Four,Mystery,8
The Wedding Dress,£24.12,In stock,One,Mystery,8
The Vacationers,£42.15,In stock,Four,Mystery,8
The Third Wave: An Entrepreneur’s Vision of the Future,£12.61,In stock,Five,Mystery,8
The Stranger,£17.44,In stock,Four,Mystery,8
The Shadow Hero (The Shadow Hero),£33.14,In stock,One,Mystery,9
The Secret (The Secret #1),£27.37,In stock,Four,Mystery,9
The Regional Office Is Under Attack!,£51.36,In stock,Five,Mystery,9
The Psychopath Test: A Journey Through the Madness Industry,£36.00,In stock,Two,Mystery,9
The Project,£10.65,In stock,One,Mystery,9
The Power of Now: A Guide to Spiritual Enlightenment,£43.54,In stock,Two,Mystery,9
The Omnivore's Dilemma: A Natural History of Four Meals,£38.21,In stock,Two,Mystery,9
The Nerdy Nummies Cookbook: Sweet Treats for the Geek in All of Us,£37.34,In stock,Five,Mystery,9
The Murder of Roger Ackroyd (Hercule Poirot #4),£44.10,In stock,Four,Mystery,9
The Mistake (Off-Campus #2),£43.29,In stock,Three,Mystery,9
The Matchmaker's Playbook (Wingmen Inc. #1),£55.85,In stock,One,Mystery,9
The Love and Lemons Cookbook: An Apple-to-Zucchini Celebration of Impromptu Cooking,£37.60,In stock,Two,Mystery,9
The Long Shadow of Small Ghosts: Murder and Memory in an American City,£10.97,In stock,One,Mystery,9
The Kite Runner,£41.82,In stock,Four,Mystery,9
The House by the Lake,£36.95,In stock,One,Mystery,9
The Glittering Court (The Glittering Court #1),£44.28,In stock,One,Mystery,9
The Girl on the Train,£55.02,In stock,Two,Mystery,9
The Genius of Birds,£17.24,In stock,One,Mystery,9
The Emerald Mystery,£23.15,In stock,Two,Mystery,9
The Cookies & Cups Cookbook: 125+ sweet & savory recipes reminding you to Always Eat Dessert First,£41.25,In stock,One,Mystery,9
The Bridge to Consciousness: I'm Writing the Bridge Between Science and Our Old and New Beliefs.,£32.00,In stock,Three,Mystery,10
The Artist's Way: A Spiritual Path to Higher Creativity,£38.49,In stock,Five,Mystery,10
The Art of War,£33.34,In stock,Five,Mystery,10
The Argonauts,£10.93,In stock,Two,Mystery,10
The 10% Entrepreneur: Live Your Startup Dream Without Quitting Your Day Job,£27.55,In stock,Three,Mystery,10
Suddenly in Love (Lake Haven #1),£55.99,In stock,Two,Mystery,10
Something More Than This,£16.24,In stock,Four,Mystery,10
Soft Apocalypse,£26.12,In stock,Two,Mystery,10
So You've Been Publicly Shamed,£12.23,In stock,Two,Mystery,10
Shoe Dog: A Memoir by the Creator of NIKE,£23.99,In stock,Two,Mystery,10
"Shobu Samurai, Project Aryoku (#3)",£29.06,In stock,Three,Mystery,10
Secrets and Lace (Fatal Hearts #1),£20.27,In stock,One,Mystery,10
Scarlett Epstein Hates It Here,£43.55,In stock,Five,Mystery,10
Romero and Juliet: A Tragic Tale of Love and Zombies,£36.94,In stock,One,Mystery,10
Redeeming Love,£20.47,In stock,Five,Mystery,10
Poses for Artists Volume 1 - Dynamic and Sitting Poses: An Essential Reference for Figure Drawing and the Human Form,£41.06,In stock,One,Mystery,10
Poems That Make Grown Women Cry,£14.19,In stock,Four,Mystery,10
"Nightingale, Sing",£38.28,In stock,One,Mystery,10
Night Sky with Exit Wounds,£41.05,In stock,One,Mystery,10
Mrs. Houdini,£30.25,In stock,Five,Mystery,10
Modern Romance,£28.26,In stock,Five,Mystery,11
Miss Peregrine’s Home for Peculiar Children (Miss Peregrine’s Peculiar Children #1),£10.76,In stock,One,Mystery,11
Louisa: The Extraordinary Life of Mrs. Adams,£16.85,In stock,Two,Mystery,11
Little Red,£13.47,In stock,Three,Mystery,11
Library of Souls (Miss Peregrine’s Peculiar Children #3),£48.56,In stock,Five,Mystery,11
Large Print Heart of the Pride,£19.15,In stock,Two,Mystery,11
I Had a Nice Time And Other Lies...: How to find love & sh*t like that,£57.36,In stock,Four,Mystery,11
Hollow City (Miss Peregrine’s Peculiar Children #2),£42.98,In stock,One,Mystery,11
Grumbles,£22.16,In stock,Two,Mystery,11
Full Moon over Noah’s Ark: An Odyssey to Mount Ararat and Beyond,£49.43,In stock,Four,Mystery,11
Frostbite (Vampire Academy #2),£29.99,In stock,Five,Mystery,11
Follow You Home,£21.36,In stock,One,Mystery,11
First Steps for New Christians (Print Edition),£29.00,In stock,One,Mystery,11
Finders Keepers (Bill Hodges Trilogy #2),£53.53,In stock,Five,Mystery,11
"Fables, Vol. 1: Legends in Exile (Fables #1)",£41.62,In stock,Four,Mystery,11
Eureka Trivia 6.0,£54.59,In stock,Four,Mystery,11
Drive: The Surprising Truth About What Motivates Us,£34.95,In stock,Four,Mystery,11
Done Rubbed Out (Reightman & Bailey #1),£37.72,In stock,Five,Mystery,11
Doing It Over (Most Likely To #1),£35.61,In stock,Three,Mystery,11
"Deliciously Ella Every Day: Quick and Easy Recipes for Gluten-Free Snacks, Packed Lunches, and Simple Meals",£42.16,In stock,Three,Mystery,11
Dark Notes,£19.19,In stock,Five,Mystery,12
"Daring Greatly: How the Courage to Be Vulnerable Transforms the Way We Live, Love, Parent, and Lead",£19.43,In stock,Three,Mystery,12
Close to You,£49.46,In stock,Four,Mystery,12
Chasing Heaven: What Dying Taught Me About Living,£37.80,In stock,Two,Mystery,12
Big Magic: Creative Living Beyond Fear,£30.80,In stock,Three,Mystery,12
Becoming Wise: An Inquiry into the Mystery and Art of Living,£27.43,In stock,Two,Mystery,12
Beauty Restored (Riley Family Legacy Novellas #3),£11.11,In stock,Two,Mystery,12
Batman: The Long Halloween (Batman),£36.50,In stock,Two,Mystery,12
Batman: The Dark Knight Returns (Batman),£15.38,In stock,Five,Mystery,12
Ayumi's Violin,£15.48,In stock,Two,Mystery,12
Anonymous,£46.82,In stock,Four,Mystery,12
Amy Meets the Saints and Sages,£18.46,In stock,Three,Mystery,12
Amid the Chaos,£36.58,In stock,One,Mystery,12
Amatus,£50.54,In stock,Five,Mystery,12
Agnostic: A Spirited Manifesto,£12.51,In stock,Five,Mystery,12
Zealot: The Life and Times of Jesus of Nazareth,£24.70,In stock,Three,Mystery,12
You (You #1),£43.61,In stock,Five,Mystery,12
"Wonder Woman: Earth One, Volume One (Wonder Woman: Earth One #1)",£37.34,In stock,Four,Mystery,12
Wild Swans,£14.36,In stock,Two,Mystery,12
Why the Right Went Wrong: Conservatism--From Goldwater to the Tea Party and Beyond,£52.65,In stock,Four,Mystery,12
Whole Lotta Creativity Going On: 60 Fun and Unusual Exercises to Awaken and Strengthen Your Creativity,£38.20,In stock,Four,Mystery,13
What's It Like in Space?: Stories from Astronauts Who've Been There,£19.60,In stock,Two,Mystery,13
"We Are Robin, Vol. 1: The Vigilante Business (We Are Robin #1)",£53.90,In stock,One,Mystery,13
Walt Disney's Alice in Wonderland,£12.96,In stock,Five,Mystery,13
V for Vendetta (V for Vendetta Complete),£37.10,In stock,Four,Mystery,13
Until Friday Night (The Field Party #1),£46.31,In stock,Two,Mystery,13
"Unbroken: A World War II Story of Survival, Resilience, and Redemption",£45.95,In stock,Two,Mystery,13
Twenty Yawns,£22.08,In stock,Two,Mystery,13
Through the Woods,£25.38,In stock,Two,Mystery,13
This Is Where It Ends,£27.12,In stock,Two,Mystery,13
The Year of Magical Thinking,£43.04,In stock,Two,Mystery,13
The Wright Brothers,£56.80,In stock,Four,Mystery,13
The White Queen (The Cousins' War #1),£25.91,In stock,Five,Mystery,13
The Wedding Pact (The O'Malleys #2),£32.61,In stock,Three,Mystery,13
The Time Keeper,£27.88,In stock,Five,Mystery,13
The Testament of Mary,£52.67,In stock,Four,Mystery,13
The Star-Touched Queen,£46.02,In stock,Five,Mystery,13
The Songs of the Gods,£44.48,In stock,Five,Mystery,13
The Song of Achilles,£37.40,In stock,Five,Mystery,13
The Rosie Project (Don Tillman #1),£54.04,In stock,One,Mystery,13
The Power of Habit: Why We Do What We Do in Life and Business,£16.88,In stock,Three,Mystery,14
The Marriage of Opposites,£28.08,In stock,Four,Mystery,14
The Lucifer Effect: Understanding How Good People Turn Evil,£10.40,In stock,One,Mystery,14
The Long Haul (Diary of a Wimpy Kid #9),£44.07,In stock,One,Mystery,14
The Loney,£23.40,In stock,One,Mystery,14
The Literature Book (Big Ideas Simply Explained),£17.43,In stock,Three,Mystery,14
The Last Mile (Amos Decker #2),£54.21,In stock,Two,Mystery,14
The Immortal Life of Henrietta Lacks,£40.67,In stock,Two,Mystery,14
The Hidden Oracle (The Trials of Apollo #1),£52.26,In stock,Two,Mystery,14
The Help Yourself Cookbook for Kids: 60 Easy Plant-Based Recipes Kids Can Make to Stay Healthy and Save the Earth,£28.77,In stock,Three,Mystery,14
The Guilty (Will Robie #4),£13.82,In stock,Two,Mystery,14
The First Hostage (J.B. Collins #2),£25.85,In stock,Three,Mystery,14
The Dovekeepers,£48.78,In stock,One,Mystery,14
The Darkest Lie,£35.35,In stock,Five,Mystery,14
The Bane Chronicles (The Bane Chronicles #1-11),£44.73,In stock,Four,Mystery,14
The Bad-Ass Librarians of Timbuktu: And Their Race to Save the World’s Most Precious Manuscripts,£15.77,In stock,One,Mystery,14
The 14th Colony (Cotton Malone #11),£39.24,In stock,One,Mystery,14
That Darkness (Gardiner and Renner #1),£13.92,In stock,One,Mystery,14
Tastes Like Fear (DI Marnie Rome #3),£10.69,In stock,One,Mystery,14
Take Me with You,£45.21,In stock,Three,Mystery,14
Swell: A Year of Waves,£45.58,In stock,One,Mystery,15
Superman Vol. 1: Before Truth (Superman by Gene Luen Yang #1),£11.89,In stock,Five,Mystery,15
Still Life with Bread Crumbs,£26.41,In stock,Three,Mystery,15
Steve Jobs,£39.50,In stock,Five,Mystery,15
Sorting the Beef from the Bull: The Science of Food Fraud Forensics,£44.74,In stock,Four,Mystery,15
Someone Like You (The Harrisons #2),£52.79,In stock,Five,Mystery,15
"So Cute It Hurts!!, Vol. 6 (So Cute It Hurts!! #6)",£35.43,In stock,Four,Mystery,15
Shtum,£55.84,In stock,Four,Mystery,15
See America: A Celebration of Our National Parks & Treasured Sites,£48.87,In stock,Three,Mystery,15
salt.,£46.78,In stock,Four,Mystery,15
Robin War,£47.82,In stock,Three,Mystery,15
"Red Hood/Arsenal, Vol. 1: Open for Business (Red Hood/Arsenal #1)",£25.48,In stock,Two,Mystery,15
Rain Fish,£23.57,In stock,Three,Mystery,15
"Quarter Life Poetry: Poems for the Young, Broke and Hangry",£50.89,In stock,Five,Mystery,15
Pet Sematary,£10.56,In stock,Three,Mystery,15
"Overload: How to Unplug, Unwind, and Unleash Yourself from the Pressure of Stress",£52.15,In stock,Three,Mystery,15
Once Was a Time,£18.28,In stock,Two,Mystery,15
Old School (Diary of a Wimpy Kid #10),£11.83,In stock,Five,Mystery,15
No Dream Is Too High: Life Lessons From a Man Who Walked on the Moon,£21.95,In stock,Two,Mystery,15
"Naruto (3-in-1 Edition), Vol. 14: Includes Vols. 40, 41 & 42 (Naruto: Omnibus #14)",£38.39,In stock,Two,Mystery,15
My Name Is Lucy Barton,£41.56,In stock,One,Mystery,16
My Mrs. Brown,£24.48,In stock,Three,Mystery,16
My Kind of Crazy,£40.36,In stock,One,Mystery,16
Mr. Mercedes (Bill Hodges Trilogy #1),£28.90,In stock,One,Mystery,16
More Than Music (Chasing the Dream #1),£37.61,In stock,Two,Mystery,16
Made to Stick: Why Some Ideas Survive and Others Die,£38.85,In stock,Five,Mystery,16
Luis Paints the World,£53.95,In stock,Three,Mystery,16
Luckiest Girl Alive,£49.83,In stock,Three,Mystery,16
Lowriders to the Center of the Earth (Lowriders in Space #2),£51.51,In stock,Two,Mystery,16
Love Is a Mix Tape (Music #1),£18.03,In stock,One,Mystery,16
Looking for Lovely: Collecting the Moments that Matter,£29.14,In stock,Five,Mystery,16
"Living Leadership by Insight: A Good Leader Achieves, a Great Leader Builds Monuments",£46.91,In stock,Four,Mystery,16
Let It Out: A Journey Through Journaling,£26.79,In stock,Five,Mystery,16
Lady Midnight (The Dark Artifices #1),£16.28,In stock,Five,Mystery,16
"It's All Easy: Healthy, Delicious Weeknight Meals in under 30 Minutes",£19.55,In stock,One,Mystery,16
Island of Dragons (Unwanteds #7),£29.65,In stock,One,Mystery,16
I Know What I'm Doing -- and Other Lies I Tell Myself: Dispatches from a Life Under Construction,£25.98,In stock,Four,Mystery,16
I Am Pilgrim (Pilgrim #1),£10.60,In stock,Four,Mystery,16
"Hyperbole and a Half: Unfortunate Situations, Flawed Coping Mechanisms, Mayhem, and Other Things That Happened",£14.75,In stock,Five,Mystery,16
"Hush, Hush (Hush, Hush #1)",£47.02,In stock,Three,Mystery,16
Hold Your Breath (Search and Rescue #1),£28.82,In stock,One,Mystery,17
Hamilton: The Revolution,£58.79,In stock,Three,Mystery,17
Greek Mythic History,£10.23,In stock,Five,Mystery,17
God: The Most Unpleasant Character in All Fiction,£30.03,In stock,Five,Mystery,17
Glory over Everything: Beyond The Kitchen House,£45.84,In stock,Three,Mystery,17
Feathers: Displays of Brilliant Plumage,£49.05,In stock,Three,Mystery,17
"Far & Away: Places on the Brink of Change: Seven Continents, Twenty-Five Years",£15.06,In stock,Four,Mystery,17
Every Last Word,£46.47,In stock,Three,Mystery,17
Eligible (The Austen Project #4),£27.09,In stock,Three,Mystery,17
El Deafo,£57.62,In stock,Five,Mystery,17
Eight Hundred Grapes,£14.39,In stock,Four,Mystery,17
"Eaternity: More than 150 Deliciously Easy Vegan Recipes for a Long, Healthy, Satisfied, Joyful Life",£51.75,In stock,Five,Mystery,17
"Eat Fat, Get Thin",£54.07,In stock,Two,Mystery,17
Don't Get Caught,£55.35,In stock,One,Mystery,17
Doctor Sleep (The Shining #2),£40.12,In stock,Two,Mystery,17
Demigods & Magicians: Percy and Annabeth Meet the Kanes (Percy Jackson & Kane Chronicles Crossover #1-3),£37.51,In stock,Five,Mystery,17
Dear Mr. Knightley,£11.21,In stock,Five,Mystery,17
Daily Fantasy Sports,£36.58,In stock,One,Mystery,17
Crazy Love: Overwhelmed by a Relentless God,£47.72,In stock,Two,Mystery,17
Cometh the Hour (The Clifton Chronicles #6),£25.01,In stock,Three,Mystery,17
Code Name Verity (Code Name Verity #1),£22.13,In stock,Four,Mystery,18
Clockwork Angel (The Infernal Devices #1),£44.14,In stock,One,Mystery,18
City of Glass (The Mortal Instruments #3),£56.02,In stock,Four,Mystery,18
City of Fallen Angels (The Mortal Instruments #4),£11.23,In stock,Four,Mystery,18
City of Bones (The Mortal Instruments #1),£43.28,In stock,One,Mystery,18
City of Ashes (The Mortal Instruments #2),£47.27,In stock,One,Mystery,18
Cell,£20.29,In stock,Four,Mystery,18
Catching Jordan (Hundred Oaks),£50.83,In stock,Three,Mystery,18
"Carry On, Warrior: Thoughts on Life Unarmed",£31.85,In stock,Three,Mystery,18
Carrie,£46.23,In stock,Two,Mystery,18
Buying In: The Secret Dialogue Between What We Buy and Who We Are,£37.80,In stock,Four,Mystery,18
Brain on Fire: My Month of Madness,£49.32,In stock,Five,Mystery,18
Batman: Europa,£32.01,In stock,Two,Mystery,18
Barefoot Contessa Back to Basics,£28.01,In stock,One,Mystery,18
Barefoot Contessa at Home: Everyday Recipes You'll Make Over and Over Again,£50.62,In stock,Five,Mystery,18
Balloon Animals,£17.03,In stock,Three,Mystery,18
Art Ops Vol. 1,£48.80,In stock,Three,Mystery,18
Aristotle and Dante Discover the Secrets of the Universe (Aristotle and Dante Discover the Secrets of the Universe #1),£58.14,In stock,Four,Mystery,18
Angels Walking (Angels Walking #1),£34.20,In stock,Two,Mystery,18
Angels & Demons (Robert Langdon #1),£51.48,In stock,Three,Mystery,18
All the Light We Cannot See,£29.87,In stock,Five,Mystery,19
"Adulthood Is a Myth: A ""Sarah's Scribbles"" Collection",£10.90,In stock,Two,Mystery,19
Abstract City,£56.37,In stock,Five,Mystery,19
A Time of Torment (Charlie Parker #14),£48.35,In stock,Five,Mystery,19
A Study in Scarlet (Sherlock Holmes #1),£16.73,In stock,Two,Mystery,19
"A Series of Catastrophes and Miracles: A True Story of Love, Science, and Cancer",£56.48,In stock,Two,Mystery,19
A People's History of the United States,£40.79,In stock,Two,Mystery,19
A Man Called Ove,£39.72,In stock,One,Mystery,19
A Distant Mirror: The Calamitous 14th Century,£14.58,In stock,Three,Mystery,19
A Brush of Wings (Angels Walking #3),£55.51,In stock,One,Mystery,19
1491: New Revelations of the Americas Before Columbus,£21.80,In stock,Three,Mystery,19
"The Three Searches, Meaning, and the Story",£13.33,In stock,Three,Mystery,19
Searching for Meaning in Gailana,£38.73,In stock,One,Mystery,19
Rook,£37.86,In stock,Four,Mystery,19
My Kitchen Year: 136 Recipes That Saved My Life,£11.53,In stock,Two,Mystery,19
13 Hours: The Inside Account of What Really Happened In Benghazi,£27.06,In stock,One,Mystery,19
Will You Won't You Want Me?,£13.86,In stock,Three,Mystery,19
Tipping Point for Planet Earth: How Close Are We to the Edge?,£37.55,In stock,One,Mystery,19
The Star-Touched Queen,£32.30,In stock,Five,Mystery,19
The Silent Sister (Riley MacPherson #1),£46.29,In stock,Five,Mystery,19
The Midnight Watch: A Novel of the Titanic and the Californian,£26.20,In stock,One,Mystery,20
The Lonely City: Adventures in the Art of Being Alone,£33.26,In stock,Two,Mystery,20
The Gray Rhino: How to Recognize and Act on the Obvious Dangers We Ignore,£59.15,In stock,Four,Mystery,20
The Golden Condom: And Other Essays on Love Lost and Found,£39.43,In stock,One,Mystery,20
The Epidemic (The Program 0.6),£14.44,In stock,Five,Mystery,20
The Dinner Party,£56.54,In stock,Two,Mystery,20
The Diary of a Young Girl,£59.90,In stock,Three,Mystery,20
The Children,£11.88,In stock,Three,Mystery,20
Stars Above (The Lunar Chronicles #4.5),£48.05,In stock,Two,Mystery,20
Snatched: How A Drug Queen Went Undercover for the DEA and Was Kidnapped By Colombian Guerillas,£21.21,In stock,Three,Mystery,20
Raspberry Pi Electronics Projects for the Evil Genius,£49.67,In stock,Four,Mystery,20
Quench Your Own Thirst: Business Lessons Learned Over a Beer or Two,£43.14,In stock,One,Mystery,20
Psycho: Sanitarium (Psycho #1.5),£36.97,In stock,Five,Mystery,20
Poisonous (Max Revere Novels #3),£26.80,In stock,Three,Mystery,20
One with You (Crossfire #5),£15.71,In stock,Four,Mystery,20
No Love Allowed (Dodge Cove #1),£54.65,In stock,Four,Mystery,20
Murder at the 42nd Street Library (Raymond Ambler #1),£54.36,In stock,Four,Mystery,20
Most Wanted,£35.28,In stock,Three,Mystery,20
"Love, Lies and Spies",£20.55,In stock,Two,Mystery,20
How to Speak Golf: An Illustrated Guide to Links Lingo,£58.32,In stock,Five,Mystery,20
